{"cameraMode":{"drawMode":0,"name":"Shaded","section":"Shading Mode"},"sceneLighting":false,"audioPlay":false,"sceneViewState":{"m_AlwaysRefresh":false,"showFog":true,"showSkybox":false,"showFlares":true,"showImageEffects":true,"showParticleSystems":true,"showVisualEffectGraphs":true,"m_FxEnabled":true},"in2DMode":false,"pivot":{"x":-0.588985800743103,"y":0.21668346226215363,"z":-0.17464478313922883},"rotation":{"x":-0.14526821672916413,"y":-0.8447492718696594,"z":0.4299856424331665,"w":-0.2842344045639038},"size":1.3451881408691407,"orthographic":false}